1.380999789997532616e+02,5.901386866061502445e+01,1.434961827953351587e+01,-1.371242452932133347e+02,-1.442569955687507672e+02,-4.623118397714316785e+01,5.304002406320605445e+01,3.825340951746392193e+02,-2.031875061311276056e+02,-1.911708955877463367e+01,-2.469219826123670600e+02,-4.637404047849103250e+01,3.729020700738475114e+01,4.664738635767542441e+00,-4.519414734039705905e+01,-5.830479660920878615e+01,-2.527334879421333085e+02,-1.355737883967967683e+01,-5.799670573436321064e+01,1.291619138769893596e+02,3.391846798710503208e+02,1.432779112100564305e+02,-1.236826020419439374e+02,-1.524135962507441775e+02,-9.380968939155440012e+01,4.101434339330467083e+01,-6.564613512898293379e+01,8.888576170198832926e+01,-2.091375639930101613e+02,1.874375010219427793e+02,9.495629560699046579e+01,-3.583780055511497267e+02,2.263101571388289415e+02,-3.656154980323918267e+02,-2.958793961562220431e+01,1.776321789862592482e+02,-1.493761133059732913e+02,-7.118153628123187104e+01,-1.249562758399020481e+02
-1.003885635954985389e+02,-1.627136341535672557e+02,9.560678750300463946e+01,-6.795375682561251551e+01,-8.927945484106801644e+01,4.824971496730560716e+01,-3.306102183242131787e+01,2.130135615790725581e+02,-2.357164842457698626e+02,1.166459066244110687e+02,-2.083955206658113468e+02,7.587635414008595092e+01,8.017399168354229744e+01,-1.516128045318935449e+02,-2.899222580682799588e+01,5.305791185686650380e+01,-1.905342619054710269e+02,1.354152067013241378e+01,-4.288279722644764291e+01,1.093130007538040189e+02,1.160064553194404340e+02,4.528050562891554875e+01,-6.359304106197622275e+01,-1.661098319421100200e+02,1.509370355190354296e+01,-2.117180831325232191e+02,-1.454389169869699572e+02,-1.864712182105130367e+01,-1.875548310990100163e+02,7.092606423194330034e+01,-5.467165331948834250e+01,-3.208068877765571187e+02,1.286371357427987903e+02,2.210253839004527876e+00,-1.508113626496948427e+02,-7.551797193648090456e+01,-1.271084323921190844e+02,-2.476141379384058610e+02,-2.707063910245656757e+02
-3.645350644643528426e+00,3.088387474971472102e+01,9.047287980138767693e+01,-9.476974198917022818e+01,-7.382743425183477370e+01,2.242046481250795864e+01,-7.031717849571087697e+00,1.187720601312879438e+02,-8.507498136443088299e+01,7.386726133251531223e+01,-3.133223369986476214e+00,5.209597088243550189e+01,4.282399292263883694e+01,1.601161582152808904e+01,-6.460699072482454142e+01,-6.234272518391939144e+01,-2.993745308582541043e+01,-9.152232261975655092e+01,-5.743052983786005683e+01,1.668856528844359755e+00,6.141902873998103018e+01,1.050015125620280187e+01,-2.939309367684556307e+00,-4.325255888932668569e+01,-3.153317911212893065e+00,4.223669861423037020e+01,-6.159274013546546023e+00,-6.462055355513822263e+00,-1.334068204280618204e+02,2.468948814924164736e+00,4.612468086742921969e+00,-9.849026455335469166e+01,8.808390683157402634e+01,-6.028893470248222641e+00,-3.771279342312572425e+01,2.923580890552439016e+01,5.196821102675457382e+00,3.188301879683567819e+01,3.142685484734130341e+01
-1.539191107401541103e+01,3.674963442364175847e+01,1.965650332401563105e+01,-4.337016275074854832e+01,-1.288086751550378040e+01,1.139322230402589753e+01,5.313481572402993436e+01,-3.213887685548844075e+01,1.852636069509853556e+01,6.550692631840993840e+01,1.455005228833463775e+02,6.799238049214221746e+01,8.092808592036607251e+01,1.087606931278538838e+02,-1.981001591616168511e+01,-3.519407809416817656e+01,9.346312312361922636e+01,-8.926180760870164477e+01,-5.150838923808421299e+01,-1.092201592361690103e+02,-8.774049433207683535e+01,-4.583147955005154728e+01,4.272609194246983577e+01,5.336129515441507465e+01,6.365583064232470889e+00,1.109602670975948939e+02,7.288872817750879562e+01,2.444030451371384061e+01,-3.483797373121444707e+01,-2.736566556711222731e+01,-7.774330670336469851e+00,5.186536983897892839e+01,1.752303263904619435e+00,-2.350981582931407843e+01,3.141703868573861058e+01,6.267690634250654824e+01,6.428550998623883572e+01,5.449747333706995533e+01,9.790397489449506452e+01
-5.752439076815132069e+01,-7.614280282597077587e+01,-1.540653707339398970e+01,6.166231002079485535e+01,5.278131213240860831e+01,2.816220803780297288e+01,1.261071926425610172e+02,-1.130477855073917794e+02,1.712446427707683227e+01,3.441244022362695176e+01,9.561708116622601494e+01,6.256460152874614522e+01,1.272459090506919921e+02,5.673941519092237940e+01,2.293230746156671174e+01,5.356436237423821467e+01,5.922736021669086881e+01,-1.316603875447494154e+01,-2.112365888906858657e+01,-1.069095864187592184e+02,-1.161921935784945816e+02,-5.531886520471381630e+01,1.056753494367598556e+01,4.479527545309969128e+01,1.504855768186104825e+01,-1.329686954813228184e+01,1.990492615839910684e+01,5.267388425831978083e+01,3.130259500862640465e+01,1.590708562345180965e+01,-2.732824933751760810e+01,2.866956116947492461e+01,-3.460282006017865797e+01,-6.851467721774891118e+01,2.513365886887837775e+01,1.448740312645460904e+01,6.761286436592628846e+00,-8.779268222386062348e+01,-7.841025908049131488e+01
-3.579371186849616038e+01,-1.103724629630140157e+02,4.975907949518708762e+01,1.025822117229607073e+02,4.790424550121793601e+01,4.802663898141961596e+01,6.499542072595497189e+01,-8.147552228906265270e+01,-4.283777770325280443e+01,-3.149707884382297607e+01,-2.750415447225257282e+01,2.556397897725036117e+01,5.640045792527715918e+01,-7.030468340246595460e+01,9.390142670462353180e+00,3.372902043408090833e+01,-3.238764138462088482e+01,3.224016798132922190e+01,2.287614037915717091e+01,-1.426354860390968504e+01,1.049280832338959257e+01,-1.304768226764488226e+01,-4.542506337899059332e+01,-1.539433306682524716e+01,2.824413975375153285e+01,-1.242449104029472693e+02,-7.148454326883924637e+01,1.480973305411832364e+01,9.639665683621943870e+00,-4.943058622314153183e+01,-1.213814057492957055e+01,-4.313343223333233567e+01,5.419706391062367956e+00,-2.216488386674184596e+01,-4.504741675651901289e+01,-8.495008673806617594e+01,-5.374078366265088391e+01,-1.129910906591791928e+02,-1.850723683290599979e+02
6.606042583485306352e+01,5.222283329126408091e+01,7.189702531211752046e+01,7.669037532552455616e+01,5.281263530551591145e+01,4.740878369931980529e+01,3.093064787783528402e+01,-2.622726146333238084e+00,-7.725552188862924652e+01,-3.145964296339978716e+01,3.086042581097373727e+01,2.832814323759206943e+01,-1.249739419908439686e+01,-7.029492579149230380e+01,-2.653967636817357345e+01,-8.340762628757161679e+01,3.210907387485732301e+01,1.444537541197731656e+01,3.809966650078170147e+01,9.580994928457426951e+00,8.105520626597920852e+01,6.212013188961937882e-01,-3.861264430624949284e+01,3.401193756256186873e+01,5.555440344164712485e+01,4.420573708064936547e+00,-1.876163542754408198e+01,2.853164480336635833e+00,1.280368756416721610e+01,-1.781236278962918220e+02,6.081275354168274561e+01,4.628839229036825742e+01,3.614669006398708717e+01,-7.583526715882236147e+01,-2.050868266301154108e+01,-7.958949167087344279e+01,4.598746914064891911e+01,-3.906765200099666657e+01,-9.450082054620260408e+01
1.289240339932492247e+02,1.647494123424285419e+02,-9.661659965469381461e+01,-8.427165577668888830e+01,-2.688116543952941306e+00,-3.376618181348296588e+01,-6.878419242058959071e+01,7.683452522202121315e+01,-4.971346021919142544e+01,4.418233406473870417e-02,1.822370340523843595e+02,4.345619014079332487e+01,-4.144502327255938923e+01,-2.506025754932515426e+01,4.308700472110248825e+01,-1.136404158250114307e+02,1.664266918305727643e+02,1.289471065954997009e+01,1.312202656854254634e+01,-3.885033271194772908e+01,4.549045766954367309e+01,-1.103755126266001518e+01,3.717410663696392703e+01,8.185084374333662538e+01,9.163758730052845181e+01,1.384147289336901849e+02,8.614762804833586074e+01,7.334241850692392539e+00,7.804407941959934192e+01,-1.619363897984104028e+02,1.480657388325305135e+02,1.817055279540206527e+02,5.516029827286011766e+01,-1.018535577198490216e+02,6.593979075288940805e+01,2.313517077308022607e+01,1.755332493759106001e+02,6.543662077694829549e+00,7.194570684978339159e+01
9.323533971613271376e+01,1.076454095999123979e+02,-9.693592924358422636e+01,-9.534146558696944851e+01,-3.041381166765700783e+01,-8.262826146159621032e+01,-8.422153746522181450e+01,-1.350451310148194040e+01,3.108659779935398859e+01,-6.868914841350866141e+01,8.024893940468518849e+01,-4.614613131167615734e+01,-1.044325775442996616e+02,4.547749542114137000e+01,8.394833439183004486e+01,-3.559838776476509992e+01,8.174456486208102035e+01,2.149410047010232816e+01,-3.857901385617483214e+01,-3.651858099603161634e+01,4.670936294458649485e+01,-2.594839039214246412e+01,3.240189105354956212e+01,7.854586020013421432e+01,6.277588857105163100e+01,9.159160972448638915e+01,1.047530172211602633e+02,3.258520965539153025e+01,1.117568551109206396e+02,-2.332831987249726069e+01,1.424680546180823058e+02,1.627066802074208169e+02,3.152906722132941653e+01,-1.534776034566482039e+01,9.981829079665882887e+01,4.903552195407849013e+01,1.282467713135825704e+02,-5.536504498975108213e+00,4.183392678158256217e+01
1.427170027330797097e+01,4.979804101746800882e+01,-1.329430403502035460e+02,3.327547898251970082e+01,3.515308019254948135e+01,1.034862262467872540e+01,1.827657317545022053e+01,-9.078793588421999061e+01,8.214968861209071349e+01,-7.701412074663382157e+01,-1.015476675030731357e+01,-7.906633799817420538e+01,-1.717507434473958128e+01,5.121015080808440700e+01,6.021638129900070879e+01,6.363253793832617333e+01,1.230506528069396666e+01,2.178230002622449746e+01,-3.671001768776098828e+01,-3.127689884829245059e+01,-1.201624970464736322e+02,-8.296006319815364805e+01,1.121789147043350532e+01,6.903266862600938225e+01,9.158376511571029610e+00,1.314011356871309744e+01,8.300348555451658683e+01,8.409305916434199446e+01,1.619448892841706709e+02,1.166060750733763456e+02,1.156886917547566469e+02,5.186440367606982704e+01,-3.988368081373739216e+01,1.081960320057568126e+01,1.321880785220618861e+02,3.399709870964210978e+01,3.501936159411407345e+01,-4.719544748955034663e+01,-2.327040049071337080e+01
-1.067367042635986429e+01,5.639300387980311058e+01,-1.788473522234589268e+02,1.133223417548159375e+02,4.925226454378906737e+01,9.708578004774891212e+01,6.069483664862037386e+00,-1.264386648687981705e+02,8.845214743019823800e+01,-4.941489472264089500e+01,-5.020098841372366394e+01,-5.410575644490084812e+01,2.691641957772812788e+00,7.193751166773366457e+00,2.583476690877706261e+01,6.829011297213371279e+01,-1.563289500986199876e+01,3.333321670775586831e+00,7.867411088771557814e+00,-4.385379076752854388e+01,-2.718418020868497820e+02,-1.147787340936558991e+02,5.789563972243849221e+00,3.925047655085913334e+01,-2.603435278491258487e+01,-8.423091726222001085e+00,6.384628894918256492e+01,7.685933873506070313e+01,1.128567412988301584e+02,9.002665979721463430e+01,9.074597577102944967e+01,-4.797200295145492532e+01,-9.341946087393606035e+01,3.682750422784972955e+01,6.926093444505545449e+01,5.458044599936495445e+01,-3.934495231219142397e+01,-2.187814237358891489e+01,2.979357056233347834e+01
6.125127499541378029e+01,1.040767163874084531e+02,-1.491236946997833570e+02,5.944891736378603042e+01,-6.212009767292949292e+00,1.485740955088157378e+01,-6.175645143469947129e+01,-1.465823373470206263e+02,1.115328668644805106e+02,-6.590055910445123288e+01,-8.831179999905751288e+01,-4.281750264867223876e+01,-1.021133965161174757e+02,5.140018465114350477e+01,3.305375541986736465e+01,-7.854524406684333826e+00,-5.479438993295894278e+01,-5.647870782557758318e+00,4.902937451205967534e+01,-4.440687587846658602e+01,-1.690533157175393626e+02,-5.894988580641395259e+01,-7.343313656721693228e+00,5.824701924911524387e+00,-6.950412558860837464e+01,7.597633205682780044e+01,6.363703842547438683e+01,2.275831080120434535e+01,-8.298258655025547270e+00,8.877432609490863769e+00,5.160842496541586399e+01,-4.795110519758728174e+01,-8.749388973189070384e+01,-3.544024359247263334e+01,-8.067911385506924660e+00,2.022004643011323708e+02,-5.557068769403147002e+01,7.087104513951949514e+01,1.581683256937356532e+02
-1.704000168298075835e+01,1.857575609313404641e+01,-6.199917153417027293e+01,8.452858706901734820e+01,9.546951876829287187e+01,-5.338089089198985704e+01,4.446624194448094869e+01,-2.333545488195480004e+02,1.277681050185315996e+02,3.086826203100107335e+01,1.066562596403000285e+01,6.456721275812395788e+01,-3.416617297397032615e+01,1.008287481721495027e+02,2.006102384826133189e+01,8.925688273725215893e+00,-2.559043801667648665e+00,1.946042721532202080e+01,9.037708310941171419e+01,-5.471548623318073368e+01,-1.398448490853470787e+02,-5.413409291016679958e+01,6.191072394604390183e+00,2.283340926432911289e+01,-4.753263257051654023e+01,6.154036578939971491e+01,1.941675430045549078e+01,-3.844807410308613527e+01,-3.962442900179441096e+01,-5.459306991697911116e+01,-9.327743627762681911e+01,8.173587059637779362e+01,-1.395423837599782644e+02,-6.374645858645988028e+01,-2.422705765862847826e+01,1.887471115751691570e+02,3.940780009187552935e+01,-2.992269667163510505e+00,1.060317139395180135e+02
-3.703135811162414370e+01,-1.415285203885317955e+01,-9.545198333677448943e+01,8.269372331084220207e+01,1.631008186141444014e+02,-5.855042054231382309e+01,1.421850665169288845e+02,-2.051204963722784669e+02,1.273209078416831659e+02,4.250442760210669491e+01,1.272851837205526380e+02,8.172898184928418175e+01,2.575115406415690700e+01,6.727843082917418371e+01,-7.756711966159357985e+00,2.894749317946005718e+01,3.292226252979344991e+01,3.030575042832897381e+01,9.635960963100721699e+01,-2.252158957400430239e+01,-1.382160477846700246e+02,-2.270326452989784727e+01,2.592051794720616797e+01,-2.337095395523558139e+01,-4.108046688042382044e+01,-7.374296890442561647e+00,-2.820479620966581891e+01,-6.046178750232139976e+01,-2.598080774951113625e+01,-6.053309040193808954e+01,-1.032705252931348099e+02,1.358700879567340678e+02,-1.367435391960248694e+02,-9.526655804278298945e+00,-1.489527129693513174e+01,3.305051930236008673e+01,4.502365940339524286e+01,1.084534771553133581e+01,1.000976397958644810e+02
-9.076505547680017827e+00,3.082422757018661486e+01,-5.719048973076756681e+01,1.617805347352951344e+02,1.715064322774631762e+02,1.903376637832797869e+01,2.052569326786175736e+02,-1.712934736967729066e+02,1.335715555602873792e+02,-5.425085309882047291e+00,1.575318523484653497e+02,-2.320528928277731495e+01,-2.642292243483672820e+01,4.920349606179807012e+01,-7.840281157513805965e+01,5.227255827156276347e+00,4.798420607120590375e+01,6.515944503045727476e-01,5.851810540559351637e+01,9.013480574337966900e+00,-1.629511541542165389e+02,1.587261479393044933e-02,3.578590501572967497e+01,-1.975640433134385887e+01,-5.367778698590971942e+01,-5.168544036405679520e+01,-2.320606699272605766e+01,-2.600656958835573818e+01,5.680900319483358274e+00,-5.596091497925629454e+01,-3.919393534413656965e+01,1.590782339058096966e+02,-1.475947562181152080e+02,8.346464794145707344e+01,-2.363242135392233934e+01,-2.003254059536407681e+02,-2.067050484568650148e+01,9.623683848510835048e+01,9.625810501054411361e+01
-2.217306275731800724e+01,3.969639603818110629e+01,-1.143532170822655161e+02,1.878907689409828379e+02,1.467954785648590246e+02,8.989018545206971567e+01,1.908425639493614199e+02,-1.487986371661499163e+02,1.275987573442139791e+02,6.555202441173139505e+01,1.993604339669188334e+02,-5.004061734336104195e+01,-3.897489152340351382e+01,-1.848037333093412116e+01,-6.886312610550486113e+01,6.833086102356544700e+01,1.556620034228479881e+02,-1.470278726846425776e+01,-1.932937442212975476e+00,-3.065747426271419585e+01,-2.620238112560169839e+02,-1.896345958676556620e+01,1.070239341003353672e+02,1.551160609560740866e+01,-8.129388639745288359e+00,-1.162821948586021250e+02,7.978746096809350874e+00,3.112964775357598413e+00,1.174566437955203355e+02,8.299819042817821924e+01,2.022039251230393475e+01,2.436159007518492388e+02,-1.747798465131395176e+02,1.921718960303073800e+02,-2.307380492523850535e+01,-3.016988040302494483e+02,-2.273012347979992853e+01,7.822523353050793560e+01,6.272408487854826831e+01
-6.598741050970933486e+01,-5.928529951977148471e+01,-9.247824167926769690e+01,1.342974647153587284e+02,9.632911731851427817e+01,5.764069800463522597e+01,9.569502770268324809e+01,-1.375972457438449226e+02,1.284915503424953442e+02,1.072765141839567633e+02,1.314859838561677918e+02,-5.292302446539119387e+01,-3.007804798928409440e+01,-5.731573828644032886e+01,-1.852952599203008077e+01,1.660898504992028677e+02,1.432382274997235072e+02,-6.737584446628734902e+00,-4.498771683309128377e+01,-4.805208789763053545e+01,-1.556896190195852512e+02,-1.022651912412596609e+01,1.347137665736380256e+02,2.651783313957815125e+01,3.394151488425607965e+01,-1.639447959368208387e+02,-1.758778775096804381e+01,-1.559847520328978554e+01,1.730325235418240766e+02,2.281677615393763858e+02,-9.967978570661355064e+00,2.613903318132012714e+02,-1.461419542370979912e+02,3.093912035731943320e+02,-1.760310689816406082e+01,-2.040783826910820835e+02,-1.085319017063506486e+01,6.750234043386181781e+01,-4.837427019062092270e+00
-1.078765781632890537e+02,-1.839264170602656918e+02,3.506591477110961108e+01,9.134281251712592109e+01,5.238920744254949113e+01,2.008667571384876638e+01,2.872268012845628604e+00,-9.756789158651172045e+01,1.000537135548572820e+02,2.175886429208903650e+01,1.548618279452656665e+01,-7.416889084859182901e+01,-1.637034847081747557e+01,-4.816329333464050677e+01,-2.149234975136075576e+01,1.593574661658496723e+02,-2.456026018173816183e+01,-5.270168876733720253e+00,-4.234164638145706760e+01,-1.735294121630064623e+01,6.908199028535182151e+01,1.594838085322724552e+01,6.207652430340493765e+01,1.130164453413044257e+01,2.387647053768725769e+01,-1.330876323830771639e+02,-7.197788574243043058e+01,-3.899200203858667635e+01,5.850614776352453816e+01,1.586779202947204510e+02,-7.563943677155185696e+01,8.559519568719744598e+01,-6.304905834031345080e+01,3.447001329879075229e+02,-4.273546792986412157e+01,-8.731218465548538177e+01,-5.662902166432442641e+01,1.005570223341681100e+02,-7.988047503012208495e+01
-9.734852782231514823e+01,-1.402282212084901403e+02,1.120255992203820767e+02,1.405878829715901190e+02,7.701174690959882696e+01,1.134324367232343889e+02,1.013216248219725344e+02,-8.190688827573066533e+01,4.504308379132345408e+01,-7.994781772928629948e+01,-1.997891027015830190e+01,-3.798838533917317761e+01,-1.511570509891024372e+00,-2.535346625917539853e+01,-4.391791541691325307e+01,4.194705612903658221e+01,-8.197163814193538656e+01,-2.465914329515673487e+01,-4.120852979268944694e+01,-1.564537825217823030e+00,7.423723890657943514e+01,-1.210311728781474416e+00,-1.702640015696890075e+01,2.509745240861155935e+01,-3.082837151069103498e+01,-2.764090742491659114e+01,-1.993338238823305630e+01,-1.542392060938947296e+01,-7.229643992886103376e+01,-1.309965164462300535e+01,-6.144600306191418326e+01,-1.177782996743150932e+02,-3.240580380102937852e+01,1.345880291917016507e+02,-6.574172017976748350e+01,-8.228874636033211232e+01,-1.037605651032523753e+02,2.639998395598222913e+01,-1.166262172212148158e+02
-3.116913609808481311e+00,-3.739971326890500336e+01,1.368270248210533069e+01,6.925838721245435181e+01,-1.858200918510708632e+01,7.710756174891572812e+01,3.888996171284177450e+01,5.717379348204637068e+01,-2.121005988583523916e+01,-1.263829918979054838e+02,-6.308926871800191805e+01,-2.692909124022298073e+01,-5.162223939482881008e+01,5.021442004402900494e+01,-2.939084655694113835e+01,-8.014422464303042659e+01,-1.022071797666128674e+02,-2.947003254150734008e+01,-2.864211971851052851e+01,-8.512474806315848852e+00,4.545743407343369569e+01,1.082740489031842657e+01,-6.384195915154597145e+01,-8.099079836110316677e+00,-6.904941955044556323e+01,7.556814833125527286e+01,3.575891908147411868e+01,6.193015705040022567e+01,-2.077511577238892926e+02,-1.865930627052076929e+01,4.481530400541674908e+01,-2.662786232367311641e+02,3.228474862299240300e+01,-1.540116175956061397e+02,-9.566349098482366742e+01,-2.277003350623400024e+01,-1.266372829335181223e+02,-5.429185767729828882e+01,-1.104041586737207439e+02
9.560589977042648968e+01,4.415999181876366464e+01,-2.254251789335264533e+01,-5.727635855517887364e+01,-1.133999816703939558e+02,-7.449881619916619968e+01,-1.322602952631775963e+02,1.201041425277669674e+02,-3.636228814403656884e+01,-1.124204702226256813e+02,-2.419669337906700832e+02,-5.099563347510843414e+01,-1.528263220716461319e+02,1.195740784381627861e+02,-2.898206105060166848e+00,-7.351793480936098035e+01,-1.636421989180333298e+02,-1.981924293190010644e+01,-1.658558360642690488e+01,2.617116028717725840e+01,1.141767326088964865e+02,6.477149010370852977e+01,-8.159397688893454870e+01,-8.121833808343363614e+01,-7.742091777442368539e+01,6.318476528046095808e+01,2.333920526482337010e+01,7.032770322137884023e+01,-2.009876779284172414e+02,9.778563458650916118e+01,5.932922858550121958e+01,-2.408226670836007486e+02,7.979903194091049556e+01,-1.635534918486210643e+02,-1.006160673517748592e+02,9.663340756654507402e+01,-1.170379085566774222e+02,-2.661588922426688697e+01,-3.845181756251407990e+01
6.571747759890044449e+01,3.362918528443766064e+01,-1.032322084871584611e+00,-1.674171871644908833e+02,-1.277420256747860350e+02,-1.713958145197545377e+02,-3.432046239383630564e+02,1.325287527611959320e+02,-3.196942043847091952e+01,-3.323602537402199886e+01,-3.084275122962417299e+02,-5.221055948319983742e+01,-1.245537356412039856e+02,4.573057062317997179e+01,1.268434342302668938e-01,1.459480142412956383e+01,-1.526933381512453991e+02,8.099949378228547658e+00,3.843686476205353131e+01,7.575567390860911132e+01,1.324787173116449139e+02,9.454480938596822170e+01,-4.859001122170074893e+01,-1.052191552878634724e+02,-1.018203173341698786e+01,-1.120537319411395139e+01,-4.498046392386675763e+01,-3.268041343962757139e+01,-3.400211296398865812e+01,3.397864580209258634e+01,-7.311386174291612861e+01,-8.450409700834568127e+01,6.177988783216623858e+01,1.465917600200730533e+02,-4.637900678484739103e+01,1.417922975906482179e+02,-3.740793661557192706e+01,1.255588342844307874e+02,1.468931230548395206e+02
3.459128814122443885e+01,5.123433829231586856e+01,9.831551549863813477e+01,-1.899216859116882006e+02,-1.232745884797496956e+02,-1.446158185972591639e+02,-4.003096638083038670e+02,1.235328726781780659e+02,-3.228774595336147968e+01,-5.433699244663674932e+01,-2.217227131891859244e+02,-9.652579147655809777e+01,-1.015952196334595925e+02,-9.823894726484664375e+01,-2.861657979783497652e+01,-1.441119559294906161e+01,-8.095855434317964239e+01,2.625071053026861279e+01,7.850796648394656074e+01,1.157917381272442299e+02,1.593698888769255575e+02,1.181744559021028067e+02,-2.143264640240252561e+01,-3.626880308160006905e+01,6.005698466740850705e+01,1.932251439880178268e+01,-4.476748441342737550e+01,-1.302348274441590945e+02,9.737123436185082426e+01,-2.185022081737658368e+02,-1.592933141641082386e+02,5.249269720458774913e+01,3.479488913022654373e+01,3.278184776915911698e+02,2.328415280166078105e+01,7.197121715028521294e+01,2.798443892163054869e+01,2.973347766872038846e+02,3.283004265514880444e+02
3.744484384702667512e+01,1.001633042220664578e+02,1.752149701615786626e+02,-1.487193567961878955e+02,-9.503102297725783387e+01,-6.799827861945793472e+01,-2.194506420125970863e+02,8.491442249439779744e+01,-3.390052737994990650e+01,-8.112612058410738314e+01,-1.408002452872026034e+01,-7.682740871837441432e+01,-9.227795033386557577e+01,-1.837267387172219060e+02,-1.230916297698593453e+01,-1.019736007019686497e+02,8.579512313525633260e+01,5.153537092498672223e+01,6.460629528413583955e+01,1.050203461890232290e+02,1.476457663528294120e+02,1.096164312826780218e+02,1.676139710091239010e+01,7.423094994374066857e+01,9.503740174480074643e+01,1.125242586492695693e+02,4.026404433326318610e+01,-1.468561675474255424e+02,1.537651551205854616e+02,-3.008533274178303714e+02,-1.268577302016291384e+02,1.711313963158584954e+02,3.058281944306650857e+01,1.525900246800025855e+02,9.771959659699506062e+01,-4.903043723333546922e+01,1.030018274366439925e+02,2.412205771855046521e+02,2.951500249340520554e+02
1.614441626699526733e+00,6.144443643140267142e+01,2.825948851862862057e+02,-5.352441580437373858e+01,5.244748756681532953e+00,-6.391989868025192578e+01,2.392903180536953833e+00,-9.485449674206726911e+00,-3.686124772836913621e+01,7.991182695082372334e+00,1.294816733839093956e+02,3.580528312652515410e+01,-5.427891924251511568e+01,-8.031799522017544746e+01,9.260063079315054679e+00,-8.277591958647333570e+01,1.787056459451659691e+02,7.629342864504700117e+01,2.597354695058219320e+01,4.922681300301815099e+01,1.380906110069749388e+02,4.467057724902944216e+01,3.752411292696070433e+01,1.473781786691985474e+02,9.395707502449023707e+01,1.410119170854850381e+02,8.166800489202324798e+01,-9.173743520054935630e+01,1.348091420068938362e+02,-1.415280635744613846e+02,-1.229578109209777921e+02,2.541516902463816621e+02,4.012165048596412475e+01,-6.043226069281753610e+01,1.401381588561789044e+02,-1.269338051490531569e+02,1.870355424811363605e+02,-3.997238286349729108e+00,-3.866684212783900065e+00
3.046394402105331878e+01,4.829149989660842834e+01,1.905872667669594875e+02,-5.409491298309078644e+01,8.628785532006580183e+01,-1.213437562267669989e+02,2.584117858561288017e+01,-1.708839036632469899e+01,-8.554653250363871564e+01,1.313819259595592825e+02,1.844420913449432078e+02,1.355357497712186330e+02,-9.807271399094140918e+00,5.716136070545434222e+01,3.504815782927641266e+01,4.786566169832661899e+01,1.290101522630013449e+02,6.328258843536213618e+01,-2.940682901949100980e+01,-3.647616728399040653e+01,1.384059283098659705e+02,-1.650695743722426201e+01,4.145069940197978298e+01,8.726413743325812788e+01,6.432453269736299717e+01,1.314402299052389083e+02,8.333285613368015277e+01,1.117847121768570240e+01,7.466695142480887171e+01,3.628399751221135716e+01,-5.737175831158312178e+01,1.931152854709024211e+02,9.998902032395216111e+01,-8.151687446975797968e+01,1.240315127520242555e+02,-3.038778159974172155e+01,1.736473880190226282e+02,-1.469153027628551911e+02,-1.908469400723611784e+02
1.262745383294258232e+02,1.559981126092511090e+02,5.265823147182328512e+01,-4.362566988975959248e+01,1.195900881939983407e+02,-1.085711770182770408e+02,5.980341080187191238e+01,3.976909849909958439e+01,-9.893970102306485614e+01,1.376467572439274250e+02,2.350759326509240736e+02,8.867621189329220499e+01,3.868582212150865018e+01,1.636045626996326803e+02,4.604820691876120264e+01,9.831754156690210777e+01,1.095541192859932096e+02,1.500161962021792128e+01,-8.594958026271451956e+01,-9.527994210807750619e+01,1.284416035775782063e+02,-4.636310817022483377e+01,1.561747273963070981e+01,7.057069942674044682e+01,-1.070939589352839150e+01,2.424207701665336003e+02,1.490737076130516527e+02,1.331193447276380653e+02,6.819329587364890699e+01,2.239661079161464485e+01,7.207307114103549850e+01,8.199190711747958460e+01,1.004609227569930994e+02,-1.900056838188060055e+02,1.337824683258618563e+02,1.475882500289636994e+02,9.574434760070872130e+01,-8.678871609414932209e+01,-1.101487193269655478e+02
1.702398105649262661e+01,7.619221037642887495e+01,-5.767311556806129502e+00,6.197437726176767825e+01,1.211502879472835019e+02,5.270404831852685490e+00,1.459120003806958721e+02,4.155626016171531489e+01,-7.810621305527742209e+01,1.594638618060759825e+02,3.898564936356875137e+02,4.669152379843104228e+01,1.551037214415062806e+02,9.870606689733699568e+01,4.327511495861271840e+01,8.974033665482639321e+01,2.385265895959352918e+02,9.050643632495440016e+00,-8.419748559952940070e+01,-1.181896732174693341e+02,-3.457590396471766780e+01,-1.085599198564064949e+02,1.861565481461997251e+01,1.268295848640009638e+02,1.778430823607059352e+01,2.092105503744116675e+02,1.564530417967740448e+02,1.515398562846412460e+02,7.537205200052898135e+01,-9.599291415927726234e+01,1.061611346938707783e+02,5.673250127965430067e+01,-1.537233684730868788e+01,-2.629658644712782234e+02,8.435048110424568790e+01,6.854315731319836402e+01,7.924733952564078265e+01,-1.240351782081755516e+02,-1.074331124729934146e+02
-1.101338744761104209e+02,-1.009954517675111276e+02,-4.177279555709889536e+01,8.887385725954011662e+01,6.100576026033669308e+01,6.202986568689900082e+01,1.905901536886960628e+02,7.113855016006876752e+00,-3.441165115700513866e+01,1.392252841521529660e+02,4.181892875834079177e+02,4.004561317577667978e+01,1.666771646774117812e+02,-4.350359704655519977e+01,5.298756000776270980e+01,6.415644002467729479e+01,2.717713099449489960e+02,4.193020145966278989e+01,-3.606997678753641168e+01,-5.354997326646731182e+01,-1.054216164215369389e+02,-1.031855111824557412e+02,3.294899360575091407e+01,7.498417451824523994e+01,7.722124961378611374e+01,-1.053279981246634467e+00,6.045390911004232493e+01,3.787476917655919806e+01,3.801670134444056970e+01,-4.721673118548762460e+01,7.878056727105645507e+01,8.181313175646774027e+01,-6.203240612563361367e+01,-1.709751110977324231e+02,-1.423728553249465101e+01,-1.045702774286998107e+02,7.245477638848130653e+01,-1.780720276288813011e+02,-1.639322637686964867e+02
-1.657748445637275267e+02,-2.119204933817279652e+02,-1.962597619621111278e+01,6.587819242531604402e+01,4.808740092119847276e+01,5.274037100593810123e+01,1.519446412531568171e+02,-4.610701604639989881e+01,-1.719684494418701703e+01,1.101846940922480229e+02,2.396012592246501924e+02,5.754493341280811336e+01,1.036322755706095933e+02,-5.361736390153907905e+01,1.297629429887219032e+01,5.067409961974772870e+01,1.008761667438895699e+02,5.917165402865916235e+01,5.965971228303364882e+01,2.428063160634396667e+01,-7.013315861703594578e+01,-5.972106939189860952e+01,2.340315582804081274e+01,-1.010813550634544988e+01,8.342442509966316777e+01,-1.741442472269694122e+02,-6.289695467828681785e+01,-8.462555781019786139e+01,-3.996532206802649867e-01,5.299181483452317565e+01,-6.585590204990668894e+01,9.591343921313689691e+01,-3.870936708477277222e+01,6.805000843882409356e+01,-5.644089882913036149e+01,-1.609256158948148254e+02,7.197066558853973106e+01,-1.425947870119250922e+02,-1.737121864388267340e+02
-1.874504508144178061e+01,-4.551218564457553128e+01,-6.317443791042749979e+01,6.105514397256078141e+00,6.393719966490246520e+01,5.557081968721613663e+01,1.244338452610665371e+02,-5.895149687728912369e+01,-4.955406813998962434e+01,2.441794221958980060e+01,-2.452775760055466847e+01,1.791365746587784713e+01,-1.051427444232668407e+01,1.661530194341392175e+01,-3.013416351930107240e+01,1.163280923412233214e+01,-1.193160677449630214e+02,2.252758659765071414e+01,1.103795455267504622e+02,3.881294800461801486e+01,4.057471382561509188e+00,1.580175904410837440e+01,-6.211727603803929298e+00,-4.259565445407675099e+01,-7.314697436289460342e+00,-1.073211268680187658e+02,-4.198507028056879165e+01,-5.608192743196765662e+01,4.947952004451517283e+00,1.124604726403840687e+02,-1.068960324015663446e+02,2.758866046961083995e+01,2.125498147797548754e+01,1.068432778839287778e+02,-1.191630688940914418e+01,1.317408437595185333e+01,9.271502770654031167e+00,-1.859624775426390997e+01,-2.352846128978922025e+01
2.249909312342196444e+01,3.783252490913658761e+01,6.855483672961965169e+01,3.305187812090087363e+01,5.589823929754004439e+01,7.559349701398983257e+01,8.857084272498498478e+01,-9.543999002794166131e+01,-3.349968802103883547e+01,-4.461048088061652805e+01,-1.861775687761133611e+02,-6.926861725766987377e+01,-4.937878951484395884e+01,4.113450704335928521e+01,-6.504805178629275986e+01,-3.842419611482138464e+01,-1.835449174716328855e+02,1.772239203265041918e-01,1.194411215923893792e+02,3.308799181975481218e+01,3.630210639105991532e+01,4.592543273940114545e+01,-4.307072237660457148e+01,3.881870986462609352e+01,-8.713451981406537072e+01,-7.628014747761662662e+00,-8.771606637796773853e-01,2.409095185851780485e+01,6.345676480714050882e+00,4.508053939378739727e+01,-1.261518082144129664e+02,-3.633340900969249532e+01,-9.277193200443859311e+00,1.146925833784618476e+01,-8.751000747816679137e+00,5.396756081382063996e+01,-5.702028633832459548e+01,2.021252177465246547e+01,-1.445739806044888276e+00
-2.935079143306310101e+01,-1.490749357842708900e-01,-4.533944781066322349e+01,-1.871141089363777610e+01,1.253049783017670649e+01,7.773803714325860881e+01,6.302008350369658274e+01,2.794393071303771592e+01,3.900737669675359598e+01,2.561904135994543097e+01,-2.150569731278073959e+01,-2.280118327099532394e+01,1.610309391912807371e+02,-1.001497200030163128e+02,-2.357831951284158123e+01,-1.782834474362880073e+01,4.163107564787051018e+01,2.715339301574465125e+01,8.088638870332206920e+01,2.057327195668562325e+01,-9.092180189457693018e+01,2.615344719566379084e+01,1.097216443205988234e+01,4.724176296998250990e+01,-6.939063587874609595e+01,-1.521088666266908973e+01,-1.372039698226821614e+01,5.102984594344471247e+01,7.007208059496997521e+01,8.124507359888110614e+01,2.485925037511771052e+01,1.055327602370864248e+01,-4.237888246121087121e+01,-1.359587701982082706e+02,-3.170130341312832556e+00,-3.972849107546912961e+01,-2.267887722067630207e+01,-5.107447478710405875e+01,-1.644990057298492303e+01
-1.024039946436934372e+02,-1.499368027946007942e+02,-5.107197544927856825e+00,-8.073708669794626758e+01,-1.112116874026136628e+02,2.764757721671945134e+01,-1.019615829437848475e+02,7.419704153502866006e+01,1.334300668018408658e+02,-9.129489959844503844e+00,-4.319083702081853460e+01,-2.038876686908705338e+01,1.564249452468119443e+02,-1.973973169678479849e+02,-1.173709187499405715e+01,-5.903652742657564900e+00,4.352451652763092227e+01,2.526638620313774197e+01,-9.475207652768748545e+00,8.111562761238964470e+01,-4.154549459313973614e+01,2.641916937053242620e+01,2.046462578143841426e+01,-9.544552763252303862e+01,-3.132693156555481906e+01,-2.022994103459552946e+02,-1.368487672807183060e+02,-7.701092536833195368e+01,9.256267681712268214e+00,-1.635725884250669004e+00,1.213705608215530845e+02,1.486809732300861953e+01,-1.632175846743975356e+01,1.036816796391996007e+02,-1.204243918935925990e+02,-2.416846956027372642e+02,-6.463851120808197948e+01,-1.707495573065491357e+01,-2.225174637989805149e+01
-1.112056467966661870e+02,-1.640185521674227687e+02,1.003890002466482940e+02,-3.917285723197689862e+01,-1.544013859219046196e+02,2.553280114092062547e+01,-1.204590786894196839e+02,5.830791321685382655e+01,1.526529010907018460e+02,-6.094421194780348117e+01,-1.659815871629035939e+02,-3.247777963903745047e+01,8.739425781100631241e+01,-4.696166906464336677e+01,-3.780774726773575622e+01,-4.345001734885746458e+01,-5.398734063979695463e+01,-3.364134232723971962e+01,-8.201151249313443259e+01,7.433325061180288174e+01,1.503817397170780978e+01,-4.905221684102967217e+00,3.052135719641288603e+00,-1.055577991385180781e+02,-1.151935391739156955e+01,-2.186305271604843199e+02,-1.739493596573953482e+02,-1.218953305744866924e+02,-2.162308750484931963e+01,-1.313837234089086792e+02,8.015925083257604911e+01,-1.511911670150816622e+00,-1.374360217363719983e+01,1.857274452417480006e+02,-8.930866006521171130e+01,-2.213259571431959500e+02,-4.914875198854839766e+01,4.938836271739558725e+01,3.712541196049714642e+01
-6.619443012019613093e+01,-8.482681721419744747e+01,-2.770438720053160608e+01,-5.876636297393139330e+01,-1.662782540951935459e+02,4.260501772791370456e+01,-5.782006869048041153e+01,9.772100338626145799e+01,5.261524894548835363e+01,-1.783521661241195844e+01,-1.469154452788926903e+02,3.894191487964031495e+01,1.140398307868824475e+02,6.172768852148794139e+01,2.862982762038186380e+01,-5.040608150280048250e+01,-1.569331754405003387e+01,-7.068258589478261911e+01,-8.215163416120569195e+01,-2.791951625949512206e+01,-7.475595826404666866e+01,-4.317025905844401024e+01,4.403144639995255005e+01,-1.673742259921754538e+01,4.045469370878681303e+01,-1.182504839570721344e+02,-1.217066139715653463e+02,-2.992190041236755604e+01,1.068216093343336404e+01,-6.378095075741928355e+01,9.749466647266583408e+00,-5.810233533993152122e+01,-8.677290079289727842e+00,-4.628950615646829903e+01,6.278252414787154123e+01,3.975885924130282945e+01,3.494299370407835426e+01,1.554152628200623987e+01,1.062651696035864148e+02
-4.391258502127069363e+01,-1.235924784248942956e+02,1.469841977623063656e+02,-6.084199706995337209e+01,-1.740838247309798135e+02,-2.975412122849387497e+00,-3.791680565760943722e+01,-4.475337865771194146e+01,-1.454552745460889618e+01,-7.413361426148196642e+01,-2.571048245465802324e+02,4.471658399811258278e+01,-1.658281806507051925e+01,2.574263701241138236e+01,7.492826310481184748e+01,-4.659098292165303690e+01,-1.136280716618307309e+02,-6.084834402906268735e+01,-3.758666360111976701e+01,-8.160784928692304874e+00,6.392827560000151621e+00,-4.336707262252406103e+00,-4.277655504412583909e+00,-1.373734717567110764e+01,3.378292730765218010e+01,-1.537348161622383884e+02,-1.348151659924008925e+02,-1.416398155049135132e+00,-8.861393551223990528e+01,4.205297878271124290e+01,-1.543577529143282163e+02,-1.911627201051216502e+02,1.476009403268349196e+01,-7.126896562064371210e+01,2.106846928094475402e+01,1.362460121550725489e+02,-3.745219824434553857e+01,-1.084680885497543912e+01,-2.144113368867257563e+01
1.708045675731951718e+01,-1.157356100983638925e+02,1.912240964432813257e+02,-1.152792556672923467e+02,-1.184196074822030482e+02,-7.537913805756393515e+01,-5.134262548333980192e+01,-4.846853014656495873e+01,-4.269170504782758968e+01,-1.059228856856632746e+02,-2.452609587328285841e+02,6.190068834038481072e+01,-3.151625616346653658e+01,-6.587404713249829058e+01,4.817554131218309976e+01,-4.361350610854216825e+01,-1.923001654297489154e+02,-2.974474209186495699e+01,2.253548610781879447e+01,5.110832049295773061e+01,7.530579844513749777e+01,5.473231152725955440e+01,-8.194460831187342365e+01,-1.094993666029225068e+02,-2.166697659330931813e+01,-1.178499324637680843e+02,-1.325567076441322740e+02,-1.789965788222962484e+00,-1.640195573474652520e+02,1.076340402768735913e+02,-1.759452795848876292e+02,-2.719730899074398280e+02,7.551580677030915467e+01,8.568290874158726922e+00,-4.432573332634440533e+01,1.324753684083048597e+02,-1.243362646552888435e+02,2.763647051456534243e+01,-9.009084058850356769e+01
9.577023899078484703e+01,9.059577322421699108e+00,9.967694225337383784e+01,-1.623626985446962578e+02,-8.751961736974277528e+01,-8.851214121389239153e+01,-1.510606454317061775e+02,4.603866651916445107e+01,-6.545044672831477328e+01,-1.550545662766166117e+02,-2.550707080632197687e+02,1.422270853925850886e+01,-9.223783900359788390e+01,-1.009977723999063954e+02,-1.103139665396007452e+01,-8.966579333767482751e+01,-2.493971011934328317e+02,-3.778743883702728823e+01,2.168153099659281224e+01,7.251278698164234982e+01,9.580830549119788486e+01,9.172666109057914241e+01,-1.401610614177533591e+02,-1.883162845875162645e+02,-8.320766775194064735e+01,7.612725561022821275e+00,-4.944482763328286978e+01,-3.480340455225866947e+01,-1.631175484464852445e+02,5.932577118409527728e+00,-4.958684322449034454e+01,-2.790429646818206493e+02,1.083416362969220756e+02,1.573914367682512534e+02,-8.742225365673431270e+01,6.952460292336122905e+01,-1.906227601788810375e+02,9.316190317095517059e+01,6.368884916632079118e+00
1.811804036070133179e+02,2.021877352847701559e+02,-1.058460293105516712e+02,-1.729632454081560979e+02,-1.438613140415252758e+02,-7.364059485813197625e+01,-2.409045074790364822e+02,2.077078521154759301e+02,-9.430125988065925924e+01,-1.911831186102778304e+02,-2.830063243289968113e+02,-9.319092226005501800e+01,-1.889149197446166966e+02,-3.349195780767503550e+01,-2.398912170977778047e+01,-1.691932572795053602e+02,-2.085833822246169120e+02,-6.936094319131241548e+01,-2.651149688478702160e+01,3.519287308104158285e+01,1.006366002435837856e+02,1.151942123159777935e+02,-1.244267082845092602e+02,-1.290048947027724466e+02,-8.570852774008572794e+01,1.860984655633690181e+02,8.370347066582117179e+01,-1.987912606941388916e+01,-9.831105831517874094e+01,-2.225487093089235202e+01,1.682166061714936234e+02,-2.060410923495124393e+02,9.774388322431236986e+01,6.555785042067323332e+01,-3.372757387843832788e+01,1.131387700595414145e+02,-1.553420096853103018e+02,1.264373494393023378e+02,1.737069785105375104e+02
1.276510568829416883e+02,1.926620040477952500e+02,-2.228769235426990178e+02,-1.498497380743255860e+02,-2.184267930508110283e+02,-7.734935280387747980e+01,-3.166102322298108334e+02,2.917475827586076775e+02,-7.909185726515991632e+01,-1.400591924947152620e+02,-2.476145649052832312e+02,-1.246335974576747958e+02,-2.133039744662624742e+02,-1.557125771469780773e+01,5.790252925330016787e+00,-1.687902963577690514e+02,-7.960827845540387671e+01,-5.093482762815313691e+01,-3.608942047812308829e+01,2.803911911816730651e+01,7.453093640936138797e+01,1.180094833494843556e+02,-3.875885556545723176e+01,-2.550577384077039156e+01,-5.584593613641517518e-01,1.657720423079912564e+02,9.130549435105197631e+01,-4.797040675671402710e+01,-4.214091203940294861e+01,8.687031214583230110e+01,2.297781952368124507e+02,-7.082318636599984529e+01,4.207349719820597045e+01,-2.347785165600194901e+01,1.037613118666112122e+01,1.354476226762023714e+02,-2.574385858325179655e+01,1.360821176069936769e+02,2.516012384777456816e+02
-7.728295419533687038e+00,5.571981205324269837e+01,-1.829554035127808334e+02,-5.779212541317455987e+01,-1.283875008180690429e+02,-3.866471599733529274e+01,-2.284725489099481592e+02,2.279761703297905058e+02,-1.635851894069529777e+01,-1.784346086901893358e+01,-1.102880964711853551e+02,-1.805455267158035682e+01,-8.600965625465802589e+01,-5.326728259144927335e+01,-1.289608201080202754e+01,-6.875008504817135702e+01,5.505653541235250259e+01,4.770039468543197381e-01,-2.207181655748797322e+00,5.285401485461609639e+01,-2.863367535739552494e+01,7.336769492534858728e+01,3.609731327086024777e+01,2.967513065887451162e+01,7.107416104228263976e+01,2.750877801397190581e+01,2.170614526297388380e+01,-9.586381681007785005e+01,1.062503694687710087e+01,1.528689995377724813e+02,8.024551488008417266e+01,6.767500828322505413e+01,-3.115962229794341098e+01,1.563878213894358549e+00,3.311768309857368564e+01,7.854999031153695910e+01,1.187392708520365119e+02,1.469375932597919814e+02,2.512825390229567404e+02
1.343167596868233948e+00,2.791175317372727704e+01,-5.032022063506712328e+01,4.360939934783890948e+01,-1.394591044179600914e+01,1.042290605714100948e+01,-1.097025431671828244e+02,1.143145255747432856e+02,1.532733363669064630e+01,-3.905494461957123065e+01,-1.148017053231199753e+02,-4.204287828266540572e+00,-7.805009170296807497e+01,-3.161613613565985759e+01,-8.465685373499215416e+01,7.287935962148102131e-01,-2.230201544590051199e+01,-3.260781003956637836e+00,-7.191183055018199433e+00,5.538080977043829023e+01,2.096505487188479933e+01,5.414124058359850267e+01,1.001523763322287763e+01,-2.554062985015207454e-01,3.985269884120150152e+01,-8.782656798481195182e+00,-3.026480977860852573e+00,-5.444079778086203447e+01,-4.404784706413840212e+01,4.122596503375858390e+01,-5.491224488758872724e+01,2.759266441377479850e+01,-1.151093368915446291e+01,4.833779781589854707e+01,1.156809495769816820e+01,4.868222201209145794e+01,1.039933652162770272e+02,2.064094172694865676e+02,2.358758296658253357e+02
3.500651456468471423e+01,5.849704454094070627e+01,-1.295704131562213206e+02,6.688587288870667180e+01,1.581878202170406311e+01,6.618321072169004537e+01,-9.788926504065040035e+01,7.178348517626545799e+01,-3.448411881691010450e+01,-2.870283265116361804e+01,-8.867109541863544564e+01,-1.670878730687211444e+01,-7.825227895733419814e+01,-5.010451975050877138e+01,-4.730825358817638460e+01,7.239830562761933663e+01,-4.201475076101576889e+01,-2.797952284653436195e+01,-1.996477678968591363e+01,-3.600347237379757814e+01,1.422660530246715904e+00,1.466532062821156579e+01,2.147076889399379240e+01,-3.308631039704530252e+01,2.249822207636972848e+01,-1.255139183959878757e+01,1.295189055821653668e+00,3.638463101461373128e+01,-7.532134036877673111e+01,-4.413277430827962178e+01,-6.213456142207603961e+01,-9.396355071160996886e+01,3.440258071673125073e+01,4.934544002543354679e+01,-6.474217817059843005e-01,3.838260972261434034e+01,3.627786269927558038e+01,1.049680990326358909e+02,1.535508387916006825e+02
-8.304792959795958041e+01,-3.717279370563310259e+00,5.209838411775986344e+01,2.751133949078292744e+02,1.331920936909470754e+02,1.395655600223763031e+02,9.683453893457759420e+01,-1.268162897165322391e+02,-1.039401394776344567e+01,7.560583511324652761e+01,-3.082023173755634815e+01,-2.851461274156809722e+01,3.359640241078391543e-01,4.120545992387089029e+01,-1.673900559127284282e+01,1.128074107368692296e+02,3.578346451216821578e+01,-3.187115894125054893e+01,1.332938653901152470e+01,-7.649175110179193382e+01,-7.327626525189202766e+01,-6.848490381575797414e+01,2.935573801800621041e+01,9.189685709922967760e+01,2.290741651694890635e+00,-5.352941145657258204e+01,-4.504754874479759508e+01,7.027671066758256302e+01,-9.790615361741121347e+00,-3.450543842728502852e+01,-1.618631232314355941e+02,-7.014508354427829318e+01,-7.147959819724451336e+01,1.156381157545403493e+00,1.764886577192562811e+01,-8.145783465902349008e+01,8.573188212892109306e+00,-1.256053353127998804e+02,-1.531632425171695786e+02
-1.944121584206670548e+02,-1.682694438233730239e+02,1.963513755867252897e+01,2.563557560864754237e+02,1.484582861847533763e+02,1.205708069841739558e+02,1.382394690406241295e+02,-1.667903921314277511e+02,3.949153059826115708e+01,1.695882652414634890e+02,1.388213154842765391e+02,1.887798124413466994e+01,9.866648371263859474e+01,-1.466834730407164855e+01,3.711331534081030270e+01,1.293589623406234068e+02,1.020088531569606829e+02,1.566350513608797534e+01,6.213501999705354706e+01,-1.934639339527301516e+01,-1.479252645239139383e+02,-7.885872266883141890e+01,5.925620022995203584e+01,3.952834944572536813e+01,-1.948436945255871189e+00,-2.144445657509104137e+02,-1.716337361708083336e+02,-2.554966092049204818e+01,3.954016098969682247e+01,4.221721693854085089e+01,-1.805277728320935466e+02,-3.842139702670312573e+01,-1.078944480388961722e+02,1.237584901626352689e+02,-6.060616452345581706e+01,-1.960463305209075600e+02,-8.098129237634316269e+01,-1.979165475164155623e+02,-2.790253852503748817e+02
-1.985003618934913732e+02,-2.524657238084686526e+02,-9.142524575029831624e+01,1.406733885596982816e+02,1.399581601760226874e+02,1.027285414200807878e+02,2.040902942495342245e+02,-7.882719431580051150e+01,7.573451401300822283e+01,1.171801747225661643e+02,2.329062184352461315e+02,6.136559085274478065e+01,1.565714924913411039e+02,-6.267235563280831201e+01,1.609131491656159696e+01,6.775486121362274616e+01,8.315475422172271180e+01,4.554698327528242885e+01,5.070908703330280787e+01,5.378479011009788024e+01,-1.589630296857501435e+02,-3.990688502872728094e+01,4.099949987683462638e+01,-8.116036808924737045e+01,-4.190136056354862859e+01,-2.565252730846831355e+02,-1.972240105193091040e+02,-9.316153933708746138e+01,5.300492230581436104e+01,-1.468810020349760315e+01,-1.518303948650680297e+02,-3.939099307967791930e+01,-7.112048453032700479e+01,1.376481078277377037e+02,-1.362916800334159859e+02,-2.426047046997250334e+02,-1.787622878676917537e+02,-1.148538174651259141e+02,-1.781229621562511909e+02
-1.133505295404982149e+02,-2.078629563539437584e+02,3.284742110181556995e+01,1.018717591478642959e+02,7.829107993562247714e+01,8.596181463803306144e+01,2.655301185574031138e+02,-4.588731202976894252e+01,6.804149030330921732e+01,-1.101560943315869139e+02,4.774728705203393986e+00,-2.189190100932508543e+01,3.616825805338111621e+01,7.864869542118221979e+00,-6.859548457417552925e+01,-5.861823142999626413e+01,-7.174994636518836444e+01,1.441898607305594204e+01,-1.990929814449264867e+01,9.052566698398068468e+01,1.269790356461976089e+01,1.890394372583762106e+01,-4.795906686299088051e+01,-1.059375141576730925e+02,-9.688976463091917424e+01,-1.532552277850681719e+02,-1.027377818378609220e+02,-6.847232801865756358e+01,-3.640551871304391796e+01,-1.785066220406258708e+02,-1.380283715912898970e+02,-9.137832303402183243e+01,-1.519984207315413016e+01,-1.067366184423251596e+01,-1.761876460623405478e+02,-2.489739812903772247e+02,-2.296982752825142029e+02,-9.488528191657913169e+00,-9.370675076763019717e+01
-8.358575009713538861e+01,-1.217540430071348965e+02,3.924791203137439766e+01,1.827939114400765419e+01,4.476483220801003249e+00,5.920122418679854093e+01,1.654530774992167892e+02,-1.249259762789009010e+01,-5.531800016579627055e+00,-9.788554733653856488e+01,-9.384385555860224315e+01,1.127676855297707981e+01,7.048591476578287995e+01,-1.358903324346413655e+01,-5.061579382186341292e+01,-5.101023115650095718e+01,-2.243754020760180268e+01,3.822238714098614709e-01,-2.444897089217181119e+01,3.163582483357996722e+01,-1.026754371514611996e+01,1.617592263920233808e+00,-1.766455954212135282e+01,-3.472496492287734782e+01,-1.992204978425493422e+01,-7.411271324105109670e+01,-2.545281753214789333e+00,-2.969482993628994194e+01,-4.911620439298300056e+01,-1.374404161188386126e+02,-7.405474226516136582e+01,-4.906007839957573680e+01,-1.683009639831066551e+00,-9.871516925022150701e+01,-1.025703485069596184e+02,-1.860208838697696763e+02,-7.627147558279770578e+01,-5.148068430658688754e+01,-6.736480858528985038e+01
6.273353887622689484e+01,1.996104096189385757e+01,3.337443215816095972e+02,-7.025068351458351401e+01,-1.137390976134562237e+02,-7.785106473419402562e+01,-7.738218837728373956e+01,-1.313330123067067348e+02,-2.560881539820534059e+01,-1.203049705659810371e+02,-3.034247733231457573e+02,-9.941700111126675665e+01,-1.095368619830687180e+02,5.366614876162672232e+01,-5.169286399658241038e+01,-5.741308832822551267e+01,-2.043407814995052547e+02,-3.473190332639015310e+01,-1.663533115093073533e+01,5.745671039331859475e+01,2.223186867410471734e+02,4.665907190726964160e+01,-6.738124505404053366e+01,2.094752761461851964e+00,8.900905860831207050e+00,1.519979286289603948e+01,3.999770624520819240e+01,-3.945519445734448460e+00,-1.554704664100651712e+02,-6.676981689535459452e+00,4.932856568712526268e+01,-6.473414035200450201e+01,6.027973323498189728e+01,5.313538342982288754e+01,-7.668679819580141555e+01,1.758346960874676412e+01,-4.840091452556534790e+01,7.309457635701238587e+01,-6.037531582231417104e+01
1.576133172641116857e+02,1.433697696770151708e+02,3.418489189734303864e+02,-1.986532462171242628e+02,-1.304486488857109521e+02,-1.275468093635371645e+02,-2.253420424318653943e+02,-1.354278316504426982e+02,-1.448957985605459342e+01,-7.838505329885387063e+00,-1.812931913227091627e+02,-8.158917344602240007e+01,-8.157247966418037777e+01,1.152046554205611528e+02,-5.630096793688426082e-01,-3.317992590231771999e+01,-1.868077788287201315e+02,-4.789008993787081891e+01,-1.374038940114274432e+01,2.192783084013851891e+01,2.105047758110892460e+02,2.006099404796080421e+01,-5.924845252004485729e+01,4.668558891862819138e+01,4.082301514164237943e+01,1.782643238075182808e+02,1.114351166491471474e+02,6.275011176896330056e+01,-6.203563754340118663e+01,9.527081994177612501e+01,1.940579356392656507e+02,-2.193314711262616967e+01,9.604263110235328327e+01,1.070828705725732846e+02,6.177631102369346650e+01,3.117533663988934336e+02,2.487845393491740253e+01,1.612182828306945623e+02,9.343776095567866946e+01
9.884394519430161097e+01,9.007047148305679229e+01,3.321914061103324229e+02,-1.890547448027279245e+02,-1.305093964407638794e+02,-7.130713001669298023e+01,-2.615357637466269125e+02,-1.532669520677136177e+02,2.739959689301269563e+01,-2.982818969501573392e+01,-1.317029441142924782e+02,-6.895436083758353618e+01,-1.086135733145518003e+02,1.649883190038908367e+02,5.322316369061076102e+01,-4.306051707111490146e+01,-1.370640917131707965e+02,-4.893360337716065089e+01,-4.736564863356208122e+01,-1.788119986564384334e+01,1.384345772844572480e+02,-3.395730269470571017e+01,-6.449346703500661704e+01,8.142847450136589771e+01,3.946847211700810476e+01,2.057100094330640161e+02,1.373715648421022877e+02,8.003354330886482160e+01,4.560591325898865733e+01,-3.612725755877283262e+01,1.745892499334435115e+02,2.075273420165149485e+00,7.734928969643743812e+01,1.151851128358676704e+02,1.059786397931235200e+02,3.502701773406546408e+02,5.143645485399473927e+01,1.362393883558043512e+02,1.611125856252952531e+02
-1.287798552359461191e+01,-3.313392779037131142e+00,2.837710911750359344e+01,-1.320485246090791236e+02,-1.213736968746369769e+02,-1.832565677093990431e+01,-2.047547839518259138e+02,6.020426994480592597e+00,5.833729393172073685e+01,-3.572321226574432274e+01,-7.047819209259530204e+00,6.817694395283814934e+00,1.358315504665669593e+01,1.368137669405251131e+02,1.127491783958966920e+02,-3.645551823270665892e+01,6.537359492063987432e+01,3.779583232292198947e+00,-8.295137071491119229e+00,-5.906156433193446986e+01,-5.650701097608217793e+01,-7.255907912654923564e+01,-4.203673122926009142e+00,9.827119584076622516e+01,3.252880252833692509e+01,1.230499349156554700e+02,9.083466145694097804e+01,4.321057701023455166e+01,1.603749528759072689e+02,-1.066859124237215894e+02,1.194776907435157511e+02,1.019646179746294337e+02,1.890395006902438269e+01,-3.927336613968982704e+01,1.389590403914877470e+02,2.080556944135305457e+02,1.624172370129323042e+02,2.112301359615710439e+01,1.583920122838754025e+02
-4.516175565862815944e+01,-5.318817348919648680e+01,-2.444562258039978246e+02,-1.324254796501991507e+02,-1.489138321829845495e+02,-7.081579380964709003e+01,-2.785829506961823085e+02,1.599449741588620100e+02,7.651268214395801692e+01,-2.632688890924615421e+01,5.284224066176373213e+01,3.916888457900063258e+01,2.530224169431267356e+01,-1.242172944042706817e+01,1.267999251013064566e+02,2.669389443704921483e+00,1.330783630317753534e+02,7.827460498365631736e+01,8.219099051927805988e+01,-7.149348980436623258e+00,-1.367252415224629374e+02,-1.698312700477947601e+01,5.569952903034361213e+01,-8.540882726739747355e+00,6.966877027802329536e+00,-8.938950467842904857e+01,-4.770203547173544933e+01,-9.430551439896026977e+01,1.403045543737116816e+02,-6.494325737979318092e+01,7.071355991313434686e+01,1.701251507677813493e+02,-2.083655085246134675e+01,7.529921989496283175e+01,4.525995701066973709e+01,-1.634053549999065069e+01,1.734595879239016085e+02,8.259993059569692875e+00,1.447885853693409217e+02
4.921231208695650849e+01,7.941075089788813557e+01,-3.947040766567117771e+02,-1.021936283694044079e+02,-4.544995579177590628e+01,-1.041293202616568863e+02,-2.051946746796905927e+02,2.506932434853721929e+02,5.842246350108270292e+01,8.940866017174850811e+01,1.837548823938327018e+02,7.863066769825762492e+01,6.641961230059300192e+01,-7.263696431436267176e+01,8.133698095614069246e+01,6.416908184455675723e+01,1.572752443491172301e+02,9.028816579295694567e+01,1.029540674934921896e+02,4.926156183538669353e+00,-1.750294580217001510e+02,2.558812179826548316e+01,9.616855452662076686e+01,-4.661173069880175746e+01,-8.585592948403268920e-01,-6.898144354416619706e+01,-7.106817750312332294e+01,-6.153245113217599993e+01,1.266038891800968145e+02,8.196955285938358315e+01,7.702770505324561157e+01,1.735291738714245753e+02,-4.571737931950993072e+01,7.133019290498071996e+01,7.085967507999239956e+01,-2.043009297834712612e+01,1.525774894901721268e+02,2.748409218270549559e+01,1.524324329899147585e+02
1.100881669529813820e+02,1.714009631266226279e+02,-2.087437030387765731e+02,7.508118834873573633e+01,9.732505852147657777e+01,-3.307525052236089635e+01,-1.774785085549286379e+01,9.526970675086491269e+01,8.922683649559701280e+00,1.088337300801379541e+02,1.420280333564601278e+02,7.367710949348013116e+01,-2.372222022278403131e+01,-8.565216337712712402e+00,4.186704781117912688e+01,1.033262605191321626e+02,9.036249846194058932e+01,6.771710992559038189e+00,-2.444521311914154893e+01,-4.656729274976413535e+01,-1.042669924228604685e+02,-1.546703537195940337e+00,7.510528858466894064e+01,1.391395727964240159e+01,4.546735452154832302e+01,6.046431632554207880e+01,-2.138282602453069892e+00,1.078362905619959946e+02,5.672341897166515423e+01,8.581017980613228247e+01,2.861813521889926903e+01,2.648704254804208347e+01,-5.299165091790545290e+01,-1.476012483379923701e+01,1.118905882949340338e+02,4.846412513757488227e+01,6.785319227051289204e+01,-9.994650593049925646e+00,3.958052777159365121e+01
1.530688242269227217e+01,8.338594006298725958e+01,-1.424946374732203367e+02,2.427781350135351488e+02,1.710832937498843478e+02,1.050924881254275931e+02,1.126817809219701019e+02,-9.145804412383266424e+01,-6.104517004811692971e+01,1.138130588338081566e+02,1.439534838435591269e+02,1.479968574335815390e+02,2.901816318197013800e+00,-6.354478206003875584e+00,9.230303966817102435e+01,1.400316101817742265e+02,1.702157646183329973e+02,-5.217979341966933049e+01,-1.298987221467794484e+02,-1.448689010186665485e+02,-1.702795404192319495e+02,-1.067083958431922213e+02,1.018988004966848564e+02,8.591474419694046105e+01,1.631072306976528807e+02,7.750702467943690976e+01,4.138331884074305833e+01,1.913883006142972079e+02,2.574744742443771983e+01,-3.664602577808361161e+01,-1.277113971329445974e+01,-5.916640191475364929e+01,-7.297265538284210606e+01,-9.258061316240194571e+01,1.260280047128212431e+02,4.393919465168088578e+01,9.159973585846002209e+01,-1.249374156258045900e+02,-8.095897621320067117e+01
1.716296000333888472e+01,2.378573087260227759e+00,-1.642212921506339853e+02,1.880720076776485712e+02,5.404284793987659441e+01,8.542441337779267485e+01,4.588874655513274803e+01,-1.284733975625029814e+02,-7.510744788637074976e+01,-1.476455317595069516e+01,9.625594720011720540e+01,6.721139517541396913e+01,-1.735323888465396180e+01,-1.433885894457498011e+01,1.017454162708239807e+02,4.958352986193683876e+01,1.292739756821396497e+02,-2.771854195514065466e+01,-9.304057441678843077e+01,-1.170056137192234758e+02,-4.197320257038928304e+01,-8.696601190291417538e+01,7.117474411592672823e+01,4.526161395960472333e+01,1.434837240235171976e+02,4.796672802102898459e+01,2.933801772699757748e+01,9.576194067001964072e+01,-4.403520852004201203e+01,-1.619181494510257835e+02,8.235514209423585896e+01,-1.961643829972907227e+01,-2.769160378492480845e+01,-1.041548126046474891e+02,4.979889528383080943e+01,5.772274227301873850e+01,9.781007763365435892e+01,-3.282048503227082392e+01,-2.497764003437057312e+01
6.379375847297300339e+00,-1.115571744934623055e+01,-3.074836797201838934e+01,5.308067629734419768e+01,2.857658242020684725e+01,4.224737973280473113e+01,6.842054815077050023e+01,-1.618735391624191493e+02,-2.643110535947850792e+01,-3.595251153490980300e+01,1.169190586094509570e+02,-4.860896605766928502e+01,1.512930468060380029e+01,-2.345913752527849283e+01,7.752064315797131400e+00,-4.100956841791091279e+01,7.850864345440278669e+01,5.353388160867334022e+01,2.979393808843066083e+01,-2.060567480883545954e+01,6.732689718278943758e+01,-4.467790097149246265e+01,8.627112742169812165e+00,3.994033622051322396e+01,1.429056210654016112e+00,2.891517599024760443e+01,5.847738628082886692e+01,-5.882532526687854357e+01,1.899489690335262537e+01,-1.887472254291909337e+02,9.963418120598153394e+01,1.774456447693068242e+02,-4.481872522187956065e+01,-6.821504819285654264e+01,-1.189687883394581824e+01,2.316794927668812676e-01,9.500001447073262284e+01,-4.032531617807447510e+00,2.124866002652578345e+01
-1.119518782459153883e+01,3.048852326355935816e+01,7.589191905953937578e+01,-1.039539486456221908e+02,8.711985171367331304e+01,3.720321948463420902e+00,1.815315153341808525e+02,-5.667983692472661517e+01,1.071472451111066171e+01,6.740221653583238037e+01,2.235357884635926951e+02,-1.001537115661900970e+02,1.406165047784778608e+02,1.088236113001434191e+01,-6.053661704835097623e+01,-3.967677285211818372e+01,1.137740005995882626e+02,9.135282738101115285e+01,8.374064701441007230e+01,2.320297363950544423e+00,1.052564544896930840e+02,-4.407886729462693864e+01,-2.093448150402051056e+01,1.026578421537385424e+02,-1.190796977909164696e+02,1.321112875119591195e+02,1.424430252514113420e+02,-3.519203979164181817e+01,1.458648847545069884e+02,-2.497134345341987682e+01,2.364609405301295197e+01,2.530877107722002677e+02,-3.035194053978218420e+01,-2.091519786673476631e+02,4.885317951059002439e+01,-1.085635164994090296e+01,7.685704206444928843e+01,-1.104349435063878673e+02,-4.521127369466827872e+01
5.315704902245798280e+01,8.164867476399125223e+01,-2.220386027963756348e+01,-2.005446636380782479e+02,8.048170519969771419e+01,-3.083899543512895036e+01,2.248143169046857111e+02,6.726781596869366808e+01,-2.574017678537525455e+01,7.723412540360401124e+01,2.012008834216057949e+02,-7.662440950475085799e+01,1.079057569099885825e+02,-1.885010940782473554e+01,-2.728106286569300210e+00,3.898929176428686816e+01,6.951774721446936667e+01,3.148745752795415953e+01,-1.427612777252706522e+01,-3.436315085052970630e+01,1.330457935256138171e+02,-4.949117295136392869e+01,-2.857747508316823470e+01,6.807240651559982147e+00,-1.577922038760034127e+02,1.408049085442882813e+02,1.641840083924682574e+02,6.230242979519648827e+01,8.037652172094558978e+01,1.828026229430929845e+02,5.986275628377377700e+00,1.236324061937799712e+01,9.370813152874866603e+01,-2.692612243195319479e+02,1.377484789513611751e+01,2.965882729439908161e+00,-9.474659032719607410e+01,-1.993227622159832038e+02,-1.754365071069625515e+02
4.560460349253072820e+01,8.618808101957945667e+01,2.367630879826032597e-01,1.649303334241071184e+01,1.533525987131784234e+02,4.165778493470202903e+00,3.757564831479681970e+02,-2.268141108450938148e+01,-2.085380525461104639e+01,7.117399955389907973e+01,1.382144399082305313e+02,1.156742381686109411e+01,8.762034866590369120e+01,5.947811447127846662e+01,1.141542037843153246e+01,5.861458661855910890e+01,8.474488327451421554e+00,-3.706175766712686936e+01,-8.026451175407480321e+01,-4.176824595938489892e+01,3.713278834270898443e+01,-1.070737716142273968e+02,-6.522362191758827521e+01,-5.390445310733745288e+01,-1.864753608663750981e+02,9.201294639710057766e+01,9.546894175689315887e+01,3.952863607695656611e+01,-2.360614973319485443e+01,1.581492518473667701e+02,-6.107632110085855714e+01,-1.147696962173643271e+02,4.903587186893001615e+01,-2.311743609845219964e+02,-3.365206062148519095e+01,-2.281875455284481902e+01,-1.717911081360808794e+02,-1.814082022649773194e+02,-2.617185969804676802e+02
6.637180298481149521e+01,1.294250559669523852e+02,-2.492442827326221675e+02,7.042903413216640729e+01,1.532745798050373196e+02,3.336425318812124008e+00,4.051377730195412710e+02,4.043270269370028558e+01,-3.531379166321276841e+01,1.855980365917379231e+02,3.131676102633210803e+02,1.270735791940527974e+02,2.283270285950387404e+02,9.361997529623408809e+01,-6.924920268894059205e+00,-1.835522804057649227e+00,4.388295462600235197e+01,-1.697369220303768245e+01,-1.409022451235010642e+01,-4.407083692664244268e+01,-1.539406281469755982e+02,-1.141488197361750565e+02,-4.146216602844365440e+01,-9.204404594961059161e+01,-1.685268869569756589e+02,1.052413026616255110e+02,2.064116796007471422e+01,-2.975736549928371133e+01,-1.987764175583015103e+00,1.186310668426527570e+02,7.479431431474853298e+01,2.058645598759384399e+01,-2.543703722286014823e+01,-2.840723253843995622e+02,4.236521552115164724e+01,1.286755206890962597e+02,-3.656814505853787267e+01,-9.003484103686301410e+01,-6.143733910137545706e+01
1.982192796896804410e+01,5.154770523623652423e+01,-1.034942012498043482e+02,9.287876188301920521e+00,6.677279906881736338e+01,-1.504315037226457008e+01,2.948997377603499785e+02,-2.199580318186939820e+01,-4.585070614428326508e+01,1.925228227189410575e+02,2.757245936292917463e+02,8.517519232330862167e+01,1.377689334966191552e+02,5.502172225266732397e+01,-8.193831408690148521e+01,-7.869280659409253076e+01,-7.979897635838079850e+01,2.539002349439847350e+01,5.740348824815514206e+01,1.958618129544782605e+01,-9.086505049569429104e+01,-3.290630640382332217e+01,-4.373393639250521403e+01,-8.164533662581828821e+01,-1.028809932628344939e+02,-2.984572201292836624e+00,-5.865476293860562862e+01,-7.117248559325555846e+01,-8.597544254301066502e+00,5.200929726209948711e+01,1.154352917041333910e+02,1.358414590437453455e+02,-1.005081267586399818e+01,-1.680271373039384173e+02,2.979032975182004606e+01,1.159048105030117028e+02,2.780539430095477371e+01,-9.437587894649905707e+01,-1.771182905960198894e+01
-2.549351382854731796e+01,-1.290960782966578080e+01,1.454888134441816838e+01,-5.392575817761320423e+01,3.065485972466120757e+01,1.990832362535814681e+01,2.704774961107222566e+02,3.433328302386956743e+00,-4.614517513162708440e+01,1.445228890609116945e+02,2.120257532957211026e+02,6.465924475373104485e+01,1.134688154750503486e+02,-5.777769912287347154e+00,-8.883241127430466122e+01,-5.380446802814343243e+01,-4.667978378705237219e+01,2.026389279607022331e+01,4.749213611859637751e+01,1.844906870972655710e+01,-3.137792815471169661e+01,3.534650015322712591e+01,1.816448370376002686e+01,9.712441983855175209e+00,2.500347969635205558e+01,-7.531341655199788931e+01,-6.189795397006415101e+01,5.537650527305980575e+01,2.753443248044864333e+01,1.159036399293580928e+02,7.942099749381122820e+01,1.091562837304905145e+02,9.667978155821569430e+01,-1.956022255446693521e+02,6.332006531201623289e+01,-3.309227754766326690e+00,6.046249282952990711e+01,-1.813202381295635632e+02,-1.221889437071428972e+02
1.804812107837041779e+01,-2.420268863450266750e+01,-4.528074636858868729e+01,-7.474970371163755090e+01,-2.168324847185990834e+01,4.084683758722223956e+01,1.640862615070587083e+02,7.760848592410363267e+01,-5.983085838223839659e+00,-2.570278599263998487e+01,9.160410567104200652e+01,4.103500515723604281e+01,4.819038586853942974e+01,-6.162141849165343643e+01,9.228327433162297311e+00,1.487974809789065844e+01,3.441965598668843995e+01,-2.314192660303187310e+01,-2.353741210428516695e+01,-9.719194868973835000e+00,-1.499271476580058327e+01,8.132034749268730423e+01,6.783488255247074505e+01,5.717614842696897348e+00,7.586281978961928019e+01,-1.075138997426159762e+02,-3.353209083917347755e+01,1.424880401490805468e+02,-3.782848395207244252e+00,1.573016545639637229e+02,5.894305914291012982e+01,-7.280747166977582197e+01,1.685981424018289090e+02,-1.287918892862085443e+02,1.502289709575153509e+01,-1.104241659085989227e+02,-4.128184433211946924e+01,-1.004998830107557950e+02,-1.300559537309488576e+02
-8.416436271672500880e+01,-1.325353087539622265e+02,2.106484064199513284e+02,1.646506069211082774e+02,3.270198093351707058e+01,7.695819789222889540e+01,1.922789223400308956e+01,-1.076389205708365608e+02,9.223274113739280722e+01,-1.130719867913536518e+02,-8.566416434754876263e+01,-3.475530937986467617e+00,-5.175438344215349673e+01,3.218428811224315922e+01,2.897039967866571786e+01,4.978779580577735686e+01,6.403386273869261913e+01,-4.150902039363261764e+01,-4.396459277753756112e+01,-2.473300939982963342e+01,-7.591480398508147687e+01,8.265406597981380443e+00,2.044014876868178732e+01,6.886033570699051154e+01,3.320242806998220431e+01,-9.723849425450460160e+01,-2.345914292091448061e+01,5.167405859084308872e+01,-5.188153119856923468e+01,-1.644538382529825782e+01,-1.012490817395075169e+02,-9.574799963559749472e+01,-7.542266478565717591e+01,1.649829707585993788e+02,-7.866854584287091257e+01,-2.201681718214269665e+02,-8.685834722145700937e+01,1.140292228694879029e+01,-1.449229586950857822e+02
3.678964881745547189e+01,-2.396802664417253226e+01,1.533445955726289753e+02,1.527243466371321574e+02,-1.907324624825797699e+01,-1.784808168837511921e+00,-2.147658829947938841e+02,-8.550330640239945978e+01,8.833139085971470195e+01,-1.104019818203920948e+02,-1.731065229818713931e+02,-7.817802152489603884e+01,-1.704484141206568495e+02,1.260519917143212325e+02,5.354413000016492674e+01,2.668517750549222711e+01,4.054781489530626004e+01,-4.629452596667579201e+01,-6.504860618144060425e+01,-6.518489359753539247e+01,1.431963742189775957e+01,-3.915440345581440162e+00,-3.891468118747645200e+00,7.459942095528244010e+01,4.017773335492609732e+00,1.256362960897841674e+02,6.062735201164327492e+01,3.871121366430875099e+01,-1.015999538327509413e+02,4.994510365344705605e+01,7.400347000090650340e+01,-5.103688201905706023e+01,-2.078148073149266679e+02,1.697706458575641193e+02,-1.360953254535421308e+01,6.895066808012121840e+01,-2.058322299912342856e+01,1.397873245830994620e+02,2.722431544033184281e+01
1.184729706992949048e+02,1.422355881787573537e+02,-4.597372804972625460e+01,2.896809305830115733e+01,-2.707093294070394052e+01,-1.781064090298433911e+01,-2.631653445901163764e+02,3.322145513009031248e+01,4.444829850427282025e+01,-1.875748072212707562e+00,-8.787998337061382870e+01,-1.049412288059234832e+01,-1.061906986990876760e+02,1.195454427075277835e+02,1.206568689142438444e+02,4.183309290800391267e+01,1.956013171571502198e+02,-4.591650413745004755e+01,-8.236084060694174980e+01,-1.067859392834592711e+02,1.257371924543793895e+01,-3.090296373531215934e+01,9.979835341932887616e+01,1.394244623921794926e+02,7.553159173767616608e+01,3.213176690930114319e+02,1.574062750081799038e+02,6.524048207959482681e+01,1.994300555200873681e+00,2.309713224956020952e+02,1.846291226022761975e+02,3.898957916861311901e+01,-1.827805982419641282e+02,-3.606119589537210146e+01,2.070179652708173137e+02,2.921247017441720004e+02,1.845969065389342632e+02,1.488491965144977200e+02,1.876593753274171092e+02
6.040882735922583890e+01,1.084971844717299945e+02,-1.033178905455298775e+02,-1.860049850813693695e+01,-6.224662043634231878e+01,-3.357503237346001423e+00,-2.504293863621236369e+02,1.124015766587685476e+02,-1.480620458113772919e+01,-3.626372931382550036e+01,-7.715550723218834150e+01,3.398257278979042439e+01,-8.341196691241471228e+01,4.070262596003642841e+01,1.099351535319275968e+02,3.412823887079058238e+01,1.710400763160225779e+02,-6.194705986969750455e+01,-8.802119510149277914e+01,-6.995319358817779687e+01,5.119134802849103494e+01,-2.229272238345251367e+01,1.437180776811103158e+02,1.177585114051227322e+02,1.431532418929169523e+02,2.197471102775481597e+02,1.010717455126456628e+02,2.300837164200527951e+01,-2.847692684086119286e+01,1.427695524018022866e+02,1.227665812755181562e+01,-7.113309864732511301e+01,2.506599705514894971e+00,-2.579702402712658227e+01,1.741017803126350998e+02,1.187308008414493372e+02,1.750610933802910552e+02,1.924884063658867603e+02,1.736220031360783764e+02
-6.634424094324765520e+01,-3.634301449387270821e+01,-7.519760430949779106e+01,-2.802491667845298906e+00,-7.869589455618051943e+01,2.074219327332350460e+01,-1.324812135576186449e+02,1.517650500283346275e+02,-4.522994929552610444e+01,-1.220881894764392683e+02,-4.917103473542700698e+01,1.169840300597195082e+01,-5.172529435218159222e+01,-3.481231212585909418e+01,2.011306309366606726e+01,-3.925380971875580371e+01,3.234086636514728497e+01,-4.224709089091601300e+01,-3.728359525768810556e+01,2.683867450794345899e+01,6.178216777692652784e+01,2.952739427970228547e+01,5.570604146397816692e+01,1.944950019628302584e+01,6.010071878182056082e+01,-6.035393975550901402e+00,-2.081767891571287521e+01,-8.821330174303477634e+01,-6.166744412522281493e+01,-1.294811215100373545e+02,-2.682672566518264148e+02,-1.838818566538717789e+02,1.321875622279960112e+02,2.705262575133034630e+01,-2.776027270754423881e+01,-1.685351243832987223e+02,-1.236968366978911860e+01,2.394541947806619078e+02,1.569877463608082735e+02
-1.405130192021091489e+02,-1.552825495908000164e+02,7.528414318533884853e+01,-7.877810232517629174e+01,-9.675935262145688398e+01,-3.849955432288912505e+01,-4.768769851872956167e+01,1.925192199602758194e+02,-3.076117959633960908e+01,-1.271571147533945805e+02,-9.957842229710207604e+00,-8.136152124553559872e+01,-3.463045804699342511e+01,-4.980868636782774672e+01,-6.931481955914804871e+01,-1.392121827315029634e+02,-9.728506122042882964e+01,3.959477746574283685e+01,8.461450961694352202e+01,1.559230233707053799e+02,1.538351472343735509e+02,1.348314576020148934e+02,-9.568698509115745310e+01,-6.843994327580730896e+01,-1.140771183240195228e+02,-1.150945040429000130e+02,-1.180242652915629264e+02,-1.724493981592393652e+02,-2.200520002127210972e+01,-2.665125402544164217e+02,-4.118874360316061711e+02,-1.346912573568456253e+02,1.479582306996258865e+02,-4.045712920167828486e+01,-1.395857848871942792e+02,-2.061285049468097554e+02,-1.485205471359958267e+02,2.091348417339229684e+02,1.915672158371345688e+02
-1.215616074705232563e+02,-1.901503542718664619e+02,3.203893436062223259e+02,-2.470914801185065528e+02,-1.227323970578554793e+02,-1.578036746257643017e+02,-1.200914621311760726e+02,1.585527909887154578e+02,-5.244103759969227951e+00,-6.811900599579102789e+01,-5.304181188936837543e+01,-1.334679343608990791e+02,-1.178748415534664673e+02,-9.501147409751105499e+01,-7.061796991452195016e+01,-1.403824594790860090e+02,-1.572365101785109118e+02,1.291676346778309608e+02,1.988572710691691157e+02,2.726475299954729508e+02,2.919449819219212827e+02,2.342664415225740981e+02,-1.608854743034824253e+02,-1.434518751377713954e+02,-1.810376881902321884e+02,-1.634717117342846677e+02,-1.758425176410175936e+02,-2.147948722679724654e+02,-6.496928232122596292e+00,-2.028918006902731292e+02,-3.785161158798007932e+02,-3.459192241593163430e+01,1.524354628120980806e+02,1.789973763712275812e+01,-1.464062200698709262e+02,-8.905949639584223121e+01,-1.613125410366275787e+02,9.218295668812605470e+01,1.594786565706158967e+02
-2.488766502291979066e+01,-8.956759965134415324e+01,3.986753364317362980e+02,-3.107378554782632705e+02,-8.954656659880109260e+01,-2.243909927553475825e+02,-1.460223061815397898e+02,1.031176522831879083e+02,7.062648947362312413e+00,-1.207508622228724704e+01,-6.212973592699335512e+01,-6.639353335746287144e+01,-1.194030409838854752e+02,-9.752039562766019287e+01,-2.379038439032340690e+01,-5.505097993192016048e+01,-9.371937917504409654e+01,1.584670334949325934e+02,2.352740280461693203e+02,2.777920184403797634e+02,2.502507125873549683e+02,2.236175954970844373e+02,-1.085766391813875344e+02,-1.422904704904799473e+02,-1.215187662132853603e+02,-1.055230304409033835e+02,-1.378891109550762337e+02,-1.773111051636744548e+02,-1.311624379815725838e+01,-1.141847092709760005e+02,-2.533401098142495869e+02,7.247081815855858977e+00,1.655827244667119942e+02,9.961700993237025159e+01,-7.027666945641013285e+01,2.077222018262085612e+01,-7.949646962316778342e+01,-2.069016086929178933e+00,5.387359628795442745e+01
2.378387956364218780e+01,-2.952015902523547908e+01,2.468077717038848675e+02,-2.189093850537051367e+02,-7.386414752593317701e+01,-2.031305909841677533e+02,-1.192088638517890899e+02,5.882255245056531834e+01,-2.998722149808518367e+01,-1.730137830439096192e+01,-2.894309987213584279e+01,1.067377562218925036e+01,-3.401321805285359545e+01,-4.468206579135524237e+01,-1.706331675678947235e+01,7.307589395146303346e+00,-8.301233131763787298e+01,1.204945300146647327e+02,1.749421937107868246e+02,1.513164907403264294e+02,6.315569280995356394e+01,1.079533682934004872e+02,-6.822997357113956696e+01,-1.055902493526991037e+02,-5.011275076562290565e+01,-3.794098340133540148e+01,-5.432079057901864161e+01,-9.110383167295080398e+01,-5.160456815973746103e+01,-1.537094465912816759e+02,-1.271035439401303648e+02,-4.267679744951002618e+01,1.353087762921537376e+02,1.529565240965686712e+02,-7.668656855572776010e+01,1.618470748488920918e+01,-5.763958603166400962e+01,-5.156397094557759431e+01,-1.023091711059964268e+02
-7.372199885636646854e+00,-6.677688340738184536e+01,3.910501205740509789e+01,-9.222100931751496944e+01,-9.243560252057368132e+01,-1.150328841884516748e+02,-5.976818819789538395e+01,2.443897210108235996e+01,-7.670618762949713698e+01,-2.936985805036358954e+01,-5.480557049113004453e+00,1.693687949741017817e+01,6.733802486124011466e+01,2.599126989006306232e+01,-4.623995048970603250e+01,-4.363463201341435393e+00,-1.580886977555940405e+02,5.224862980316706995e+01,6.085622545841663822e+01,-1.505529540129312061e+01,-4.381059753781299548e+01,-1.185439134546779982e+01,-9.358290517612685733e+01,-5.223870212530134438e+01,-3.911727951403535997e+01,-2.755174338080068175e+00,1.988001435513045934e+01,2.984053799185360134e+01,-3.986115368450818153e+01,-1.629885024728808105e+02,8.399598211871655451e+00,-4.484430720786642866e+01,3.774851737815873065e+01,7.290211216433614538e+01,-1.184374308880330773e+02,-1.935099220476020321e+01,-7.227365444843154307e+01,-1.203650513092778596e+02,-2.187090395971704595e+02
-1.719437672070202439e+01,-5.513397674259420000e+01,-9.784786839072424414e+01,-3.729535069200883157e+01,-5.421610212745927271e+01,1.666825006087028882e+01,2.813104697612768490e+01,-3.844354592947298954e+01,-4.486772108707294393e+01,2.949636216802899114e+00,-9.822837955877410820e+00,3.085864809137320819e+01,1.208323720156654701e+02,2.249693224878039288e+01,-1.405252028914577522e+01,-1.446836912572088352e+01,-1.519085159666734910e+02,-6.350813298897722170e+00,-4.222764966453133439e+01,-9.814057099320534405e+01,-2.757330473959180139e+01,-6.193747809810381710e+01,-8.116407254088241530e+01,-1.350364614235594019e+01,-3.834229230489489026e+01,-9.521207091330820660e+00,6.827321755934565317e+01,1.194962149834857001e+02,6.073343945479315664e+01,-1.256615125696144908e+01,1.600903289501578399e+02,6.890784428896134273e+01,-6.101090110726259041e+01,-3.761838760035753637e+01,-7.535179183602114961e+01,-3.493903883997385407e+01,-2.826328820718167023e+01,-1.862225055267956293e+02,-1.695440163616625000e+02
1.718285456040037218e+01,1.841998408721408254e+01,-1.575348047463165528e+02,1.631724561781245697e+01,5.587578644266564964e+01,1.043691092410729482e+02,5.794988353392449199e+01,-8.427776744718076429e+01,6.090356850586980642e+01,4.772534236192689860e+01,-1.057721249646267481e+01,7.883274432652547148e+01,1.364868872294874791e+02,-7.243587557851062897e+00,4.128093939199736440e+01,2.122217474810634030e+01,-4.668900611792386712e+01,-3.188517452029860522e+01,-7.004278021686812394e+01,-8.630048333420363349e+01,-1.799466171063006215e+01,-7.056743276882762927e+01,1.371436498326540132e+00,4.947942367175865996e+00,2.582009444058490288e+01,-2.380894621840941383e+01,6.005148411874996839e+01,1.282585019969194491e+02,8.901010911148577520e+01,9.777130619793642552e+01,2.204691526735625757e+02,1.418149405234770768e+02,-9.587881791436933554e+01,8.000940944075036754e-01,3.109066018796477593e+00,-7.316967967846144916e+01,5.046552480778427707e+01,-1.433327187932782181e+02,-2.966817775196357232e+01
4.698158322463621062e+01,9.799827133974933702e+01,-1.956050749672914435e+02,1.550536523294564688e+02,1.721410602228070275e+02,1.455334440837286536e+02,9.938371492006159258e+01,-1.358586020345562702e+02,1.396640025632738968e+02,4.873283726551519379e+01,-7.644674018534090898e+00,1.054254855664771071e+02,1.085230944558195461e+02,-3.271387485127112171e+01,4.064061106627055864e+01,7.423949740661574026e+01,6.925764360724846824e+01,-3.672882032746320391e+01,-6.991959634992323913e+01,-5.766319756660207929e+01,-1.417449566814129298e+02,-9.214632086033736869e+01,8.038970736761895353e+01,8.323173739050616859e+00,1.012164480235828563e+02,-4.016108676728666893e+01,4.079798827020491103e+01,5.343130445268207040e+01,3.243191704008285114e+01,4.853322568887922728e+01,1.538573381380648755e+02,9.015641148517580916e+01,-1.111190488103285077e+02,1.244703792243248870e+02,1.380465838059027561e+01,-1.331263736081631919e+02,5.349281990418231914e+01,-4.843402515891956028e+01,5.273398635116766542e+01
2.174294994843135953e+01,8.800090921106311725e+01,-2.220694387850090834e+02,2.671957317061073240e+02,1.735731838456858043e+02,1.323524109147606111e+02,1.274576478926323091e+02,-1.346562920724733203e+02,8.376832488390159881e+01,3.608431284497655156e+01,-8.164729278975803695e+00,5.179222833301871987e+01,5.093737121727397721e+01,-4.326492618756287101e+01,-3.575019335417874089e+01,8.722443522036073205e+01,9.492617053161293939e+01,-4.766975960284828062e+01,-8.072204070319381231e+01,-7.619108924014609840e+01,-2.587461216636742733e+02,-1.108444184409647448e+02,8.740421814329292260e+01,1.770763523515171656e+01,1.321249879017819637e+02,-4.753618843157983775e+01,1.948873105901246205e+01,1.262110582073315612e+00,-2.786999083304241154e+01,1.576655516293026693e+00,7.064538837033643404e+01,-1.148863587934213903e+01,-1.150506838331723856e+02,1.244453023033650823e+02,-1.631619727729595226e+01,-9.985676035039737997e+01,3.716096666278545513e+00,-1.230720547661557163e+01,-7.513828903866510700e-01
6.791870975610692085e+00,5.429432686794827845e+01,-8.658366128474484924e+01,2.670719921213647581e+02,8.884830291581643280e+01,1.036101899194705709e+02,1.245133685190692177e+02,-1.310111560460266560e+02,-4.781820068693082959e+01,1.076998100155616100e+01,-8.559516385087299284e+01,-5.466791973039245534e+01,-8.558945442619052812e+01,-1.797590773321970659e+01,-1.130923718561950011e+02,4.409676108410803153e+01,1.125307768125653851e+01,-8.598792613528077311e+01,-1.001239661987951592e+02,-8.811974210221468695e+01,-1.530931441624495051e+02,-6.780308462533703562e+01,3.988535165400479343e+01,5.048913310689636802e+01,1.000288462747939349e+02,-3.920034729339417368e+01,-3.952852294030043900e+00,2.852662869291514269e+01,-3.768961524942080388e+01,7.323213933204296211e+01,6.840362568165195967e+01,-3.128354416523573889e+01,-8.180381169869953339e+01,1.234339134818814365e+01,3.881852365436091468e+00,4.599724624541931917e+01,-7.242800557552362406e+00,7.629056367486606760e+00,-7.257979140812290098e+01
2.457142041382913078e+01,3.469125057380777122e+01,7.248951530475441984e+01,1.528857502177894219e+02,2.625640183001150874e+00,7.468328594678538934e+01,-8.717965490837933373e+00,-9.717056508598045639e+01,-1.472700857247155568e+02,9.135968123639027993e+00,-1.441824246148473492e+02,-9.305713888254652488e+01,-2.171240435656846444e+02,1.471265611463241640e+01,-9.794077486875323757e+01,9.351656329119190758e+00,-7.183249404085594847e+01,-1.083994125551032823e+02,-7.224584597600144775e+01,-7.184341005833455540e+01,5.099572461781849597e+01,1.012711724793533818e+01,2.881982196820979780e+01,7.471770249687081389e+01,7.772736147450262933e+01,-4.422155903236699714e+01,-5.063842483244820158e+01,8.444576165228896514e+01,-4.342367046911901696e+01,1.451823884869128563e+02,1.291381719845406906e+02,2.208589573666303352e+01,-7.302462146408329247e+00,2.880934495103971926e+00,6.844686966615189760e+01,1.937535041408221446e+02,6.307704345523840317e+01,8.717442449002064109e+01,-1.423942710298673120e+01
